{
    "rotate": [
        -1.559999942779541,
        -1.559999942779541,
        0.0
    ],
    "scale": [
        0.029999999329447746,
        0.30000001192092896,
        0.07999999821186066
    ],
    "translate": [
        0.0,
        0.0,
        0.0
    ]
}