{
    "rotate": [
        0.0,
        0.0,
        0.0
    ],
    "scale": [
        0.8500000238418579,
        0.8500000238418579,
        1.0
    ],
    "translate": [
        0.0,
        0.0,
        -0.10000000149011612
    ]
}