{
    "rotate": [
        0.0,
        0.0,
        0.0
    ],
    "scale": [
        0.800000011920929,
        0.800000011920929,
        1.0
    ],
    "translate": [
        0.0,
        0.0,
        -0.15000000596046448
    ]
}