{
    "rotate": [
        0.0,
        0.0,
        0.0
    ],
    "scale": [
        0.8999999761581421,
        0.8999999761581421,
        1.0
    ],
    "translate": [
        0.0,
        0.0,
        -0.05000000074505806
    ]
}