{
    "rotate": [
        0.0,
        0.0,
        0.0
    ],
    "scale": [
        0.949999988079071,
        0.9900000095367432,
        -1.090000033378601
    ],
    "translate": [
        0.0,
        4.46999979019165,
        0.28999999165534973
    ]
}