{
    "rotate": [
        -2.2909984588623047,
        -0.0,
        -3.1411852836608887
    ],
    "scale": [
        0.25,
        0.24999995529651642,
        0.25
    ],
    "translate": [
        -5.271355152130127,
        19.119253158569336,
        -6.567819595336914
    ]
}