{"nodes":{"node:201":{"location":{"x":0,"y":0}},"node:204":{"location":{"x":0,"y":0}},"node:207":{"location":{"x":0,"y":0}}},"selection":null,"view":{"scroll":{"x":0.214599609375,"y":-22.2931365966796875},"visible_rect":{"max":{"x":273.214599609375,"y":194.706863403320312},"min":{"x":0.214599609375,"y":-22.2931365966796875}},"zoom":1}}