{
    "Para_autoUVMax": [
        0.10000000149011612,
        0.0
    ],
    "Para_autoUVMin": [
        0.10000000149011612,
        0.0
    ],
    "Para_colorMax": [
        1.0,
        1.0,
        1.0,
        1.0
    ],
    "Para_colorMin": [
        0.0,
        1.0,
        1.0,
        1.0
    ],
    "Para_speedx": [
        0.0,
        0.0
    ],
    "Para_speedy": [
        0.0,
        0.0
    ],
    "Para_speedz": [
        0.0,
        0.0
    ],
    "Para_transx": [
        0.0,
        0.0
    ],
    "Para_transy": [
        0.0,
        0.0
    ],
    "Para_transz": [
        0.0,
        0.0
    ],
    "accele": [
        0.0,
        0.0,
        0.0
    ],
    "addRandomMax": [
        0.0,
        0.0
    ],
    "addRandomMin": [
        0.0,
        0.0
    ],
    "autoUVSpeed": [
        0.10000000149011612,
        0.0
    ],
    "colorType": 1,
    "count": 20,
    "emitMaxSize": [
        2.0,
        2.0,
        0.0
    ],
    "emitMinSize": [
        -2.0,
        -2.0,
        0.0
    ],
    "endSize": [
        0.20000000298023224,
        2.0
    ],
    "frequencyTime": 30.0,
    "grainPattern": 2,
    "grainType": 1,
    "isAddRandomSize": false,
    "isAutoUVMove": false,
    "isBillBoard": true,
    "isDistanceComplement": false,
    "isZandX": false,
    "lifeTime": 15.0,
    "position": [
        0.0,
        0.0,
        0.0
    ],
    "returnPower": -0.11400000005960464,
    "rotate": [
        0.0,
        0.0,
        0.0
    ],
    "rotateType": 1,
    "speed": [
        -0.08394124358892441,
        0.1528642177581787,
        -0.0
    ],
    "speedType": 3,
    "startSize": [
        2.0,
        2.0
    ]
}