{"nodes":{"node:111":{"location":{"x":-134,"y":-44}},"node:114":{"location":{"x":-118,"y":-204}},"node:117":{"location":{"x":-86,"y":52}},"node:119":{"location":{"x":144,"y":-24}}},"selection":null,"view":{"scroll":{"x":-163.988372802734375,"y":-227.541778564453125},"visible_rect":{"max":{"x":312.011627197265625,"y":148.458221435546875},"min":{"x":-163.988372802734375,"y":-227.541778564453125}},"zoom":1}}